{
  "best_epoch": 130,
  "best_val_NDCG20": 0.09459128973237835,
  "test_HR": {
    "1": 0.06154864328259431,
    "3": 0.07765276858592543,
    "5": 0.08868299139642621,
    "10": 0.10522832561217736,
    "20": 0.12750937568938892,
    "50": 0.171409662475182
  },
  "test_NDCG": {
    "1": 0.06154864328259431,
    "3": 0.07061163521275834,
    "5": 0.07520741215084606,
    "10": 0.08046132240657272,
    "20": 0.08607069546093406,
    "50": 0.0947547498560362
  }
}
