{
  "best_epoch": 138,
  "best_from_val_NDCG20": 0.07516143812295724,
  "NDCG": {
    "1": 0.04632693580410324,
    "3": 0.05592825321758817,
    "5": 0.06106341345379112,
    "10": 0.06634665850427486,
    "20": 0.07294060172504498,
    "50": 0.0842973838282715
  },
  "HR": {
    "1": 0.04632693580410324,
    "3": 0.0628722700198544,
    "5": 0.07544672402382528,
    "10": 0.09199205823957644,
    "20": 0.11802338407235827,
    "50": 0.1756011471431723
  }
}
