{
  "best_epoch": 128,
  "best_val_NDCG20": 0.07593148762634762,
  "test_HR": {
    "1": 0.04500330906684315,
    "3": 0.06816677696889477,
    "5": 0.08449150672843592,
    "10": 0.1041253033311273,
    "20": 0.13302448709463932,
    "50": 0.18773439223472313
  },
  "test_NDCG": {
    "1": 0.04500330906684315,
    "3": 0.05820253020008221,
    "5": 0.06492384080194674,
    "10": 0.07127233774962342,
    "20": 0.07855723053052571,
    "50": 0.08940553696718853
  }
}
