{
  "best_epoch": 116,
  "best_val_NDCG20": 0.12879169776123148,
  "test_HR": {
    "1": 0.04397862720920674,
    "3": 0.07357172215371968,
    "5": 0.08836826962597616,
    "10": 0.11385121249486231,
    "20": 0.14960953555281545,
    "50": 0.20632963419646527
  },
  "test_NDCG": {
    "1": 0.04397862720920674,
    "3": 0.061573510693269065,
    "5": 0.06768485718776893,
    "10": 0.07586897972724686,
    "20": 0.0849043300893637,
    "50": 0.09614864651969662
  }
}
