{
  "best_epoch": 270,
  "best_from_val_NDCG20": 0.07513908819525704,
  "NDCG": {
    "1": 0.032015590200445435,
    "3": 0.04468896606717184,
    "5": 0.04963721039566006,
    "10": 0.05568012203564888,
    "20": 0.06062303088555623,
    "50": 0.06757726329472123
  },
  "HR": {
    "1": 0.032015590200445435,
    "3": 0.05400890868596882,
    "5": 0.06597995545657015,
    "10": 0.08491091314031181,
    "20": 0.10439866369710468,
    "50": 0.13975501113585745
  }
}
