{
  "best_epoch": 136,
  "best_from_val_NDCG20": 0.044908466211671556,
  "NDCG": {
    "1": 0.010579064587973273,
    "3": 0.01795973995480612,
    "5": 0.021133900750718828,
    "10": 0.02645706387033441,
    "20": 0.03312646386883572,
    "50": 0.04288867321736563
  },
  "HR": {
    "1": 0.010579064587973273,
    "3": 0.02366369710467706,
    "5": 0.03145879732739421,
    "10": 0.04788418708240535,
    "20": 0.07433184855233853,
    "50": 0.12388641425389756
  }
}
