{
  "best_epoch": 175,
  "best_from_val_NDCG20": 0.09366531309354369,
  "NDCG": {
    "1": 0.02507192766132347,
    "3": 0.03917824932934079,
    "5": 0.045298606537028295,
    "10": 0.055123294276854064,
    "20": 0.06290979538246089,
    "50": 0.07477400560610294
  },
  "HR": {
    "1": 0.02507192766132347,
    "3": 0.049732840115084255,
    "5": 0.06452938758734073,
    "10": 0.09494451294697903,
    "20": 0.1255651459103987,
    "50": 0.18557336621454995
  }
}
