{
  "best_epoch": 215,
  "best_from_val_NDCG20": 0.1451264917238034,
  "NDCG": {
    "1": 0.060624743115495275,
    "3": 0.07811199741700624,
    "5": 0.081914703394227,
    "10": 0.08895774618666995,
    "20": 0.09540319854322403,
    "50": 0.10508735239677257
  },
  "HR": {
    "1": 0.060624743115495275,
    "3": 0.09021783806000822,
    "5": 0.09946568023016851,
    "10": 0.12124948623099055,
    "20": 0.14693793670365804,
    "50": 0.19584874640361694
  }
}
