{
  "best_epoch": 102,
  "best_val_NDCG20": 0.04207889752292421,
  "test_HR": {
    "1": 0.011135857461024499,
    "3": 0.022271714922048998,
    "5": 0.030345211581291758,
    "10": 0.04426503340757238,
    "20": 0.06375278396436526,
    "50": 0.10579064587973273
  },
  "test_NDCG": {
    "1": 0.011135857461024499,
    "3": 0.017615045895820736,
    "5": 0.020945706717952057,
    "10": 0.025462509529096778,
    "20": 0.03043070880235702,
    "50": 0.03867385700710101
  }
}
